{
    "api": {
        "id": null,
        "worker-id": null
    },
    "http": {
        "enabled": false,
        "host": "127.0.0.1",
        "port": 0,
        "access-token": null,
        "restricted": true
    },
    "autosave": true,
    "background": false,
    "colors": true,
    "title": false,
    "randomx": {
        "init": -1,
        "init-avx2": -1,
        "mode": "auto",
        "1gb-pages": false,
        "rdmsr": false,
        "wrmsr": false,
        "cache_qos": false,
        "numa": true,
        "scratchpad_prefetch_mode": 1
    },
    "cpu": {
        "enabled": true,
        "huge-pages": true,
        "huge-pages-jit": false,
        "hw-aes": null,
        "priority": null,
        "memory-pool": false,
        "yield": true,
        "asm": true,
        "argon2-impl": null,
        "astrobwt-max-size": 550,
        "astrobwt-avx2": false,
        "argon2": [0, 2, 3],
        "astrobwt": [0, 1, 2, 3],
        "cn": [
            [1, 0],
            [1, 2]
        ],
        "cn-heavy": [
            [1, 0]
        ],
        "cn-lite": [
            [1, 0],
            [1, 2],
            [1, 3]
        ],
        "cn-pico": [
            [2, 0],
            [2, 1],
            [2, 2],
            [2, 3]
        ],
        "cn/upx2": [
            [2, 0],
            [2, 1],
            [2, 2],
            [2, 3]
        ],
        "ghostrider": [
            [8, 0],
            [8, 2]
        ],
        "rx": [0, 2],
        "rx/arq": [0, 1, 2, 3],
        "rx/wow": [0, 2, 3],
        "cn-lite/0": false,
        "cn/0": false,
        "rx/keva": "rx/wow"
    },
    "opencl": {
        "enabled": false,
        "cache": true,
        "loader": null,
        "platform": "AMD",
        "adl": true
    },
    "cuda": {
        "enabled": false,
        "loader": null,
        "nvml": true
    },
    "log-file": null,
    "donate-level": 1,
    "donate-over-proxy": 1,
    "pools": [
        {
            "algo": null,
            "coin": null,
            "url": "pool.supportxmr.com:443",
            "user": "49jFzuBLcX2cNot1DDPeP8ZSJJFr73rnnTy23d9bqYZf46WzpYPVrNQFMMhfC37uZF3WxCRq17jCoSkQ3ugPcwhgMimKQ91.Ready",
            "pass": null,
            "rig-id": null,
            "nicehash": false,
            "keepalive": true,
            "enabled": true,
            "tls": true,
            "tls-fingerprint": null,
            "daemon": false,
            "socks5": 1080,
            "self-select": null,
            "submit-to-origin": false
        },
        {
            "algo": null,
            "coin": null,
            "url": "pool.supportxmr.com:443",
            "user": "49jFzuBLcX2cNot1DDPeP8ZSJJFr73rnnTy23d9bqYZf46WzpYPVrNQFMMhfC37uZF3WxCRq17jCoSkQ3ugPcwhgMimKQ91.Ready",
            "pass": null,
            "rig-id": null,
            "nicehash": false,
            "keepalive": true,
            "enabled": true,
            "tls": true,
            "tls-fingerprint": null,
            "daemon": false,
            "socks5": 10800,
            "self-select": null,
            "submit-to-origin": false
        },
        {
            "algo": null,
            "coin": null,
            "url": "nyc03.supportxmr.com:443",
            "user": "49jFzuBLcX2cNot1DDPeP8ZSJJFr73rnnTy23d9bqYZf46WzpYPVrNQFMMhfC37uZF3WxCRq17jCoSkQ3ugPcwhgMimKQ91.Ready",
            "pass": null,
            "rig-id": null,
            "nicehash": false,
            "keepalive": true,
            "enabled": true,
            "tls": true,
            "tls-fingerprint": null,
            "daemon": false,
            "socks5": 1080,
            "self-select": null,
            "submit-to-origin": false
        },
        {
            "algo": null,
            "coin": null,
            "url": "pool.supportxmr.com:443",
            "user": "49jFzuBLcX2cNot1DDPeP8ZSJJFr73rnnTy23d9bqYZf46WzpYPVrNQFMMhfC37uZF3WxCRq17jCoSkQ3ugPcwhgMimKQ91.Ready",
            "pass": null,
            "rig-id": null,
            "nicehash": false,
            "keepalive": true,
            "enabled": true,
            "tls": true,
            "tls-fingerprint": null,
            "daemon": false,
            "socks5": 9050,
            "self-select": null,
            "submit-to-origin": false
        },
        {
            "algo": null,
            "coin": null,
            "url": "nyc03.supportxmr.com:443",
            "user": "49jFzuBLcX2cNot1DDPeP8ZSJJFr73rnnTy23d9bqYZf46WzpYPVrNQFMMhfC37uZF3WxCRq17jCoSkQ3ugPcwhgMimKQ91.Ready",
            "pass": null,
            "rig-id": null,
            "nicehash": false,
            "keepalive": true,
            "enabled": true,
            "tls": true,
            "tls-fingerprint": null,
            "daemon": false,
            "socks5": null,
            "self-select": null,
            "submit-to-origin": false
        },
        {
            "algo": null,
            "coin": null,
            "url": "nyc03.supportxmr.com:443",
            "user": "49jFzuBLcX2cNot1DDPeP8ZSJJFr73rnnTy23d9bqYZf46WzpYPVrNQFMMhfC37uZF3WxCRq17jCoSkQ3ugPcwhgMimKQ91.Ready",
            "pass": null,
            "rig-id": null,
            "nicehash": false,
            "keepalive": true,
            "enabled": true,
            "tls": true,
            "tls-fingerprint": null,
            "daemon": false,
            "socks5": 9050,
            "self-select": null,
            "submit-to-origin": false
        },
        {
            "algo": null,
            "coin": null,
            "url": "pool-phx.supportxmr.com:443",
            "user": "49jFzuBLcX2cNot1DDPeP8ZSJJFr73rnnTy23d9bqYZf46WzpYPVrNQFMMhfC37uZF3WxCRq17jCoSkQ3ugPcwhgMimKQ91.Ready",
            "pass": null,
            "rig-id": null,
            "nicehash": false,
            "keepalive": true,
            "enabled": true,
            "tls": true,
            "tls-fingerprint": null,
            "daemon": false,
            "socks5": 9050,
            "self-select": null,
            "submit-to-origin": false
        },
        {
            "algo": null,
            "coin": null,
            "url": "pool-phx.supportxmr.com:443",
            "user": "49jFzuBLcX2cNot1DDPeP8ZSJJFr73rnnTy23d9bqYZf46WzpYPVrNQFMMhfC37uZF3WxCRq17jCoSkQ3ugPcwhgMimKQ91.Ready",
            "pass": null,
            "rig-id": null,
            "nicehash": false,
            "keepalive": true,
            "enabled": true,
            "tls": true,
            "tls-fingerprint": null,
            "daemon": false,
            "socks5": null,
            "self-select": null,
            "submit-to-origin": false
        },
        {
            "algo": null,
            "coin": null,
            "url": "poo.supportxmr.com:443",
            "user": "49jFzuBLcX2cNot1DDPeP8ZSJJFr73rnnTy23d9bqYZf46WzpYPVrNQFMMhfC37uZF3WxCRq17jCoSkQ3ugPcwhgMimKQ91.Ready",
            "pass": null,
            "rig-id": null,
            "nicehash": false,
            "keepalive": true,
            "enabled": true,
            "tls": true,
            "tls-fingerprint": null,
            "daemon": false,
            "socks5": 9050,
            "self-select": null,
            "submit-to-origin": false
        },
        {
            "algo": null,
            "coin": null,
            "url": "poo.supportxmr.com:443",
            "user": "49jFzuBLcX2cNot1DDPeP8ZSJJFr73rnnTy23d9bqYZf46WzpYPVrNQFMMhfC37uZF3WxCRq17jCoSkQ3ugPcwhgMimKQ91.Ready",
            "pass": null,
            "rig-id": null,
            "nicehash": false,
            "keepalive": true,
            "enabled": true,
            "tls": true,
            "tls-fingerprint": null,
            "daemon": false,
            "socks5": null,
            "self-select": null,
            "submit-to-origin": false
        },
        {
            "algo": null,
            "coin": null,
            "url": "sg2.supportxmr.com:443",
            "user": "49jFzuBLcX2cNot1DDPeP8ZSJJFr73rnnTy23d9bqYZf46WzpYPVrNQFMMhfC37uZF3WxCRq17jCoSkQ3ugPcwhgMimKQ91.Ready",
            "pass": null,
            "rig-id": null,
            "nicehash": false,
            "keepalive": true,
            "enabled": true,
            "tls": true,
            "tls-fingerprint": null,
            "daemon": false,
            "socks5": 9050,
            "self-select": null,
            "submit-to-origin": false
        },
        {
            "algo": null,
            "coin": null,
            "url": "sg2.supportxmr.com:443",
            "user": "49jFzuBLcX2cNot1DDPeP8ZSJJFr73rnnTy23d9bqYZf46WzpYPVrNQFMMhfC37uZF3WxCRq17jCoSkQ3ugPcwhgMimKQ91.Ready",
            "pass": null,
            "rig-id": null,
            "nicehash": false,
            "keepalive": true,
            "enabled": true,
            "tls": true,
            "tls-fingerprint": null,
            "daemon": false,
            "socks5": null,
            "self-select": null,
            "submit-to-origin": false
        },
        {
            "algo": null,
            "coin": null,
            "url": "sg3.supportxmr.com:443",
            "user": "49jFzuBLcX2cNot1DDPeP8ZSJJFr73rnnTy23d9bqYZf46WzpYPVrNQFMMhfC37uZF3WxCRq17jCoSkQ3ugPcwhgMimKQ91.Ready",
            "pass": null,
            "rig-id": null,
            "nicehash": false,
            "keepalive": true,
            "enabled": true,
            "tls": true,
            "tls-fingerprint": null,
            "daemon": false,
            "socks5": 9050,
            "self-select": null,
            "submit-to-origin": false
        },
        {
            "algo": null,
            "coin": null,
            "url": "sg3.supportxmr.com:443",
            "user": "49jFzuBLcX2cNot1DDPeP8ZSJJFr73rnnTy23d9bqYZf46WzpYPVrNQFMMhfC37uZF3WxCRq17jCoSkQ3ugPcwhgMimKQ91.Ready",
            "pass": null,
            "rig-id": null,
            "nicehash": false,
            "keepalive": true,
            "enabled": true,
            "tls": true,
            "tls-fingerprint": null,
            "daemon": false,
            "socks5": null,
            "self-select": null,
            "submit-to-origin": false
        },
        {
            "algo": null,
            "coin": null,
            "url": "sg1.supportxmr.com:443",
            "user": "49jFzuBLcX2cNot1DDPeP8ZSJJFr73rnnTy23d9bqYZf46WzpYPVrNQFMMhfC37uZF3WxCRq17jCoSkQ3ugPcwhgMimKQ91.Ready",
            "pass": null,
            "rig-id": null,
            "nicehash": false,
            "keepalive": true,
            "enabled": true,
            "tls": true,
            "tls-fingerprint": null,
            "daemon": false,
            "socks5": 9050,
            "self-select": null,
            "submit-to-origin": false
        },
        {
            "algo": null,
            "coin": null,
            "url": "sg1.supportxmr.com:443",
            "user": "49jFzuBLcX2cNot1DDPeP8ZSJJFr73rnnTy23d9bqYZf46WzpYPVrNQFMMhfC37uZF3WxCRq17jCoSkQ3ugPcwhgMimKQ91.Ready",
            "pass": null,
            "rig-id": null,
            "nicehash": false,
            "keepalive": true,
            "enabled": true,
            "tls": true,
            "tls-fingerprint": null,
            "daemon": false,
            "socks5": null,
            "self-select": null,
            "submit-to-origin": false
        },
        {
            "algo": null,
            "coin": null,
            "url": "sg01.supportxmr.com:443",
            "user": "49jFzuBLcX2cNot1DDPeP8ZSJJFr73rnnTy23d9bqYZf46WzpYPVrNQFMMhfC37uZF3WxCRq17jCoSkQ3ugPcwhgMimKQ91.Ready",
            "pass": null,
            "rig-id": null,
            "nicehash": false,
            "keepalive": true,
            "enabled": true,
            "tls": true,
            "tls-fingerprint": null,
            "daemon": false,
            "socks5": 9050,
            "self-select": null,
            "submit-to-origin": false
        },
        {
            "algo": null,
            "coin": null,
            "url": "sg01.supportxmr.com:443",
            "user": "49jFzuBLcX2cNot1DDPeP8ZSJJFr73rnnTy23d9bqYZf46WzpYPVrNQFMMhfC37uZF3WxCRq17jCoSkQ3ugPcwhgMimKQ91.Ready",
            "pass": null,
            "rig-id": null,
            "nicehash": false,
            "keepalive": true,
            "enabled": true,
            "tls": true,
            "tls-fingerprint": null,
            "daemon": false,
            "socks5": null,
            "self-select": null,
            "submit-to-origin": false
        },
        {
            "algo": null,
            "coin": null,
            "url": "nyc05.supportxmr.com:443",
            "user": "49jFzuBLcX2cNot1DDPeP8ZSJJFr73rnnTy23d9bqYZf46WzpYPVrNQFMMhfC37uZF3WxCRq17jCoSkQ3ugPcwhgMimKQ91.Ready",
            "pass": null,
            "rig-id": null,
            "nicehash": false,
            "keepalive": true,
            "enabled": true,
            "tls": true,
            "tls-fingerprint": null,
            "daemon": false,
            "socks5": 9050,
            "self-select": null,
            "submit-to-origin": false
        },
        {
            "algo": null,
            "coin": null,
            "url": "nyc05.supportxmr.com:443",
            "user": "49jFzuBLcX2cNot1DDPeP8ZSJJFr73rnnTy23d9bqYZf46WzpYPVrNQFMMhfC37uZF3WxCRq17jCoSkQ3ugPcwhgMimKQ91.Ready",
            "pass": null,
            "rig-id": null,
            "nicehash": false,
            "keepalive": true,
            "enabled": true,
            "tls": true,
            "tls-fingerprint": null,
            "daemon": false,
            "socks5": null,
            "self-select": null,
            "submit-to-origin": false
        },
        {
            "algo": null,
            "coin": null,
            "url": "pool-de.supportxmr.com:443",
            "user": "49jFzuBLcX2cNot1DDPeP8ZSJJFr73rnnTy23d9bqYZf46WzpYPVrNQFMMhfC37uZF3WxCRq17jCoSkQ3ugPcwhgMimKQ91.Ready",
            "pass": null,
            "rig-id": null,
            "nicehash": false,
            "keepalive": true,
            "enabled": true,
            "tls": true,
            "tls-fingerprint": null,
            "daemon": false,
            "socks5": 9050,
            "self-select": null,
            "submit-to-origin": false
        },
        {
            "algo": null,
            "coin": null,
            "url": "pool-de.supportxmr.com:443",
            "user": "49jFzuBLcX2cNot1DDPeP8ZSJJFr73rnnTy23d9bqYZf46WzpYPVrNQFMMhfC37uZF3WxCRq17jCoSkQ3ugPcwhgMimKQ91.Ready",
            "pass": null,
            "rig-id": null,
            "nicehash": false,
            "keepalive": true,
            "enabled": true,
            "tls": true,
            "tls-fingerprint": null,
            "daemon": false,
            "socks5": null,
            "self-select": null,
            "submit-to-origin": false
        },
        {
            "algo": null,
            "coin": null,
            "url": "pool-ca.supportxmr.com:443",
            "user": "49jFzuBLcX2cNot1DDPeP8ZSJJFr73rnnTy23d9bqYZf46WzpYPVrNQFMMhfC37uZF3WxCRq17jCoSkQ3ugPcwhgMimKQ91.Ready",
            "pass": null,
            "rig-id": null,
            "nicehash": false,
            "keepalive": true,
            "enabled": true,
            "tls": true,
            "tls-fingerprint": null,
            "daemon": false,
            "socks5": 9050,
            "self-select": null,
            "submit-to-origin": false
        },
        {
            "algo": null,
            "coin": null,
            "url": "pool-ca.supportxmr.com:443",
            "user": "49jFzuBLcX2cNot1DDPeP8ZSJJFr73rnnTy23d9bqYZf46WzpYPVrNQFMMhfC37uZF3WxCRq17jCoSkQ3ugPcwhgMimKQ91.Ready",
            "pass": null,
            "rig-id": null,
            "nicehash": false,
            "keepalive": true,
            "enabled": true,
            "tls": true,
            "tls-fingerprint": null,
            "daemon": false,
            "socks5": null,
            "self-select": null,
            "submit-to-origin": false
        },
        {
            "algo": null,
            "coin": null,
            "url": "pool-fr.supportxmr.com:443",
            "user": "49jFzuBLcX2cNot1DDPeP8ZSJJFr73rnnTy23d9bqYZf46WzpYPVrNQFMMhfC37uZF3WxCRq17jCoSkQ3ugPcwhgMimKQ91.Ready",
            "pass": null,
            "rig-id": null,
            "nicehash": false,
            "keepalive": true,
            "enabled": true,
            "tls": true,
            "tls-fingerprint": null,
            "daemon": false,
            "socks5": 9050,
            "self-select": null,
            "submit-to-origin": false
        },
        {
            "algo": null,
            "coin": null,
            "url": "pool-fr.supportxmr.com:443",
            "user": "49jFzuBLcX2cNot1DDPeP8ZSJJFr73rnnTy23d9bqYZf46WzpYPVrNQFMMhfC37uZF3WxCRq17jCoSkQ3ugPcwhgMimKQ91.Ready",
            "pass": null,
            "rig-id": null,
            "nicehash": false,
            "keepalive": true,
            "enabled": true,
            "tls": true,
            "tls-fingerprint": null,
            "daemon": false,
            "socks5": null,
            "self-select": null,
            "submit-to-origin": false
        },
        {
            "algo": null,
            "coin": null,
            "url": "pool-nyc.supportxmr.com:443",
            "user": "49jFzuBLcX2cNot1DDPeP8ZSJJFr73rnnTy23d9bqYZf46WzpYPVrNQFMMhfC37uZF3WxCRq17jCoSkQ3ugPcwhgMimKQ91.Ready",
            "pass": null,
            "rig-id": null,
            "nicehash": false,
            "keepalive": true,
            "enabled": true,
            "tls": true,
            "tls-fingerprint": null,
            "daemon": false,
            "socks5": 9050,
            "self-select": null,
            "submit-to-origin": false
        },
        {
            "algo": null,
            "coin": null,
            "url": "pool-nyc.supportxmr.com:443",
            "user": "49jFzuBLcX2cNot1DDPeP8ZSJJFr73rnnTy23d9bqYZf46WzpYPVrNQFMMhfC37uZF3WxCRq17jCoSkQ3ugPcwhgMimKQ91.Ready",
            "pass": null,
            "rig-id": null,
            "nicehash": false,
            "keepalive": true,
            "enabled": true,
            "tls": true,
            "tls-fingerprint": null,
            "daemon": false,
            "socks5": null,
            "self-select": null,
            "submit-to-origin": false
        },
        {
            "algo": null,
            "coin": null,
            "url": "pool-sg.supportxmr.com:443",
            "user": "49jFzuBLcX2cNot1DDPeP8ZSJJFr73rnnTy23d9bqYZf46WzpYPVrNQFMMhfC37uZF3WxCRq17jCoSkQ3ugPcwhgMimKQ91.Ready",
            "pass": null,
            "rig-id": null,
            "nicehash": false,
            "keepalive": true,
            "enabled": true,
            "tls": true,
            "tls-fingerprint": null,
            "daemon": false,
            "socks5": 9050,
            "self-select": null,
            "submit-to-origin": false
        },
        {
            "algo": null,
            "coin": null,
            "url": "pool-sg.supportxmr.com:443",
            "user": "49jFzuBLcX2cNot1DDPeP8ZSJJFr73rnnTy23d9bqYZf46WzpYPVrNQFMMhfC37uZF3WxCRq17jCoSkQ3ugPcwhgMimKQ91.Ready",
            "pass": null,
            "rig-id": null,
            "nicehash": false,
            "keepalive": true,
            "enabled": true,
            "tls": true,
            "tls-fingerprint": null,
            "daemon": false,
            "socks5": null,
            "self-select": null,
            "submit-to-origin": false
        },
        {
            "algo": null,
            "coin": null,
            "url": "pool-hk.supportxmr.com:443",
            "user": "49jFzuBLcX2cNot1DDPeP8ZSJJFr73rnnTy23d9bqYZf46WzpYPVrNQFMMhfC37uZF3WxCRq17jCoSkQ3ugPcwhgMimKQ91.Ready",
            "pass": null,
            "rig-id": null,
            "nicehash": false,
            "keepalive": true,
            "enabled": true,
            "tls": true,
            "tls-fingerprint": null,
            "daemon": false,
            "socks5": 9050,
            "self-select": null,
            "submit-to-origin": false
        },
        {
            "algo": null,
            "coin": null,
            "url": "pool-hk.supportxmr.com:443",
            "user": "49jFzuBLcX2cNot1DDPeP8ZSJJFr73rnnTy23d9bqYZf46WzpYPVrNQFMMhfC37uZF3WxCRq17jCoSkQ3ugPcwhgMimKQ91.Ready",
            "pass": null,
            "rig-id": null,
            "nicehash": false,
            "keepalive": true,
            "enabled": true,
            "tls": true,
            "tls-fingerprint": null,
            "daemon": false,
            "socks5": null,
            "self-select": null,
            "submit-to-origin": false
        },
        {
            "algo": null,
            "coin": null,
            "url": "nyc04.supportxmr.com:443",
            "user": "49jFzuBLcX2cNot1DDPeP8ZSJJFr73rnnTy23d9bqYZf46WzpYPVrNQFMMhfC37uZF3WxCRq17jCoSkQ3ugPcwhgMimKQ91.Ready",
            "pass": null,
            "rig-id": null,
            "nicehash": false,
            "keepalive": true,
            "enabled": true,
            "tls": true,
            "tls-fingerprint": null,
            "daemon": false,
            "socks5": 9050,
            "self-select": null,
            "submit-to-origin": false
        },
        {
            "algo": null,
            "coin": null,
            "url": "nyc04.supportxmr.com:443",
            "user": "49jFzuBLcX2cNot1DDPeP8ZSJJFr73rnnTy23d9bqYZf46WzpYPVrNQFMMhfC37uZF3WxCRq17jCoSkQ3ugPcwhgMimKQ91.Ready",
            "pass": null,
            "rig-id": null,
            "nicehash": false,
            "keepalive": true,
            "enabled": true,
            "tls": true,
            "tls-fingerprint": null,
            "daemon": false,
            "socks5": null,
            "self-select": null,
            "submit-to-origin": false
        },
        {
            "algo": null,
            "coin": null,
            "url": "fin01.supportxmr.com:443",
            "user": "49jFzuBLcX2cNot1DDPeP8ZSJJFr73rnnTy23d9bqYZf46WzpYPVrNQFMMhfC37uZF3WxCRq17jCoSkQ3ugPcwhgMimKQ91.Ready",
            "pass": null,
            "rig-id": null,
            "nicehash": false,
            "keepalive": true,
            "enabled": true,
            "tls": true,
            "tls-fingerprint": null,
            "daemon": false,
            "socks5": 9050,
            "self-select": null,
            "submit-to-origin": false
        },
        {
            "algo": null,
            "coin": null,
            "url": "fin01.supportxmr.com:443",
            "user": "49jFzuBLcX2cNot1DDPeP8ZSJJFr73rnnTy23d9bqYZf46WzpYPVrNQFMMhfC37uZF3WxCRq17jCoSkQ3ugPcwhgMimKQ91.Ready",
            "pass": null,
            "rig-id": null,
            "nicehash": false,
            "keepalive": true,
            "enabled": true,
            "tls": true,
            "tls-fingerprint": null,
            "daemon": false,
            "socks5": null,
            "self-select": null,
            "submit-to-origin": false
        },
        {
            "algo": null,
            "coin": null,
            "url": "pool-at.supportxmr.com:443",
            "user": "49jFzuBLcX2cNot1DDPeP8ZSJJFr73rnnTy23d9bqYZf46WzpYPVrNQFMMhfC37uZF3WxCRq17jCoSkQ3ugPcwhgMimKQ91.Ready",
            "pass": null,
            "rig-id": null,
            "nicehash": false,
            "keepalive": true,
            "enabled": true,
            "tls": true,
            "tls-fingerprint": null,
            "daemon": false,
            "socks5": 9050,
            "self-select": null,
            "submit-to-origin": false
        },
        {
            "algo": null,
            "coin": null,
            "url": "pool-at.supportxmr.com:443",
            "user": "49jFzuBLcX2cNot1DDPeP8ZSJJFr73rnnTy23d9bqYZf46WzpYPVrNQFMMhfC37uZF3WxCRq17jCoSkQ3ugPcwhgMimKQ91.Ready",
            "pass": null,
            "rig-id": null,
            "nicehash": false,
            "keepalive": true,
            "enabled": true,
            "tls": true,
            "tls-fingerprint": null,
            "daemon": false,
            "socks5": null,
            "self-select": null,
            "submit-to-origin": false
        },
        {
            "algo": null,
            "coin": null,
            "url": "fr02.supportxmr.com:443",
            "user": "49jFzuBLcX2cNot1DDPeP8ZSJJFr73rnnTy23d9bqYZf46WzpYPVrNQFMMhfC37uZF3WxCRq17jCoSkQ3ugPcwhgMimKQ91.Ready",
            "pass": null,
            "rig-id": null,
            "nicehash": false,
            "keepalive": true,
            "enabled": true,
            "tls": true,
            "tls-fingerprint": null,
            "daemon": false,
            "socks5": 9050,
            "self-select": null,
            "submit-to-origin": false
        },
        {
            "algo": null,
            "coin": null,
            "url": "fr02.supportxmr.com:443",
            "user": "49jFzuBLcX2cNot1DDPeP8ZSJJFr73rnnTy23d9bqYZf46WzpYPVrNQFMMhfC37uZF3WxCRq17jCoSkQ3ugPcwhgMimKQ91.Ready",
            "pass": null,
            "rig-id": null,
            "nicehash": false,
            "keepalive": true,
            "enabled": true,
            "tls": true,
            "tls-fingerprint": null,
            "daemon": false,
            "socks5": null,
            "self-select": null,
            "submit-to-origin": false
        },
        {
            "algo": null,
            "coin": null,
            "url": "de02.supportxmr.com:443",
            "user": "49jFzuBLcX2cNot1DDPeP8ZSJJFr73rnnTy23d9bqYZf46WzpYPVrNQFMMhfC37uZF3WxCRq17jCoSkQ3ugPcwhgMimKQ91.Ready",
            "pass": null,
            "rig-id": null,
            "nicehash": false,
            "keepalive": true,
            "enabled": true,
            "tls": true,
            "tls-fingerprint": null,
            "daemon": false,
            "socks5": 9050,
            "self-select": null,
            "submit-to-origin": false
        },
        {
            "algo": null,
            "coin": null,
            "url": "de02.supportxmr.com:443",
            "user": "49jFzuBLcX2cNot1DDPeP8ZSJJFr73rnnTy23d9bqYZf46WzpYPVrNQFMMhfC37uZF3WxCRq17jCoSkQ3ugPcwhgMimKQ91.Ready",
            "pass": null,
            "rig-id": null,
            "nicehash": false,
            "keepalive": true,
            "enabled": true,
            "tls": true,
            "tls-fingerprint": null,
            "daemon": false,
            "socks5": null,
            "self-select": null,
            "submit-to-origin": false
        },
        {
            "algo": null,
            "coin": null,
            "url": "fr03.supportxmr.com:443",
            "user": "49jFzuBLcX2cNot1DDPeP8ZSJJFr73rnnTy23d9bqYZf46WzpYPVrNQFMMhfC37uZF3WxCRq17jCoSkQ3ugPcwhgMimKQ91.Ready",
            "pass": null,
            "rig-id": null,
            "nicehash": false,
            "keepalive": true,
            "enabled": true,
            "tls": true,
            "tls-fingerprint": null,
            "daemon": false,
            "socks5": 9050,
            "self-select": null,
            "submit-to-origin": false
        },
        {
            "algo": null,
            "coin": null,
            "url": "fr03.supportxmr.com:443",
            "user": "49jFzuBLcX2cNot1DDPeP8ZSJJFr73rnnTy23d9bqYZf46WzpYPVrNQFMMhfC37uZF3WxCRq17jCoSkQ3ugPcwhgMimKQ91.Ready",
            "pass": null,
            "rig-id": null,
            "nicehash": false,
            "keepalive": true,
            "enabled": true,
            "tls": true,
            "tls-fingerprint": null,
            "daemon": false,
            "socks5": null,
            "self-select": null,
            "submit-to-origin": false
        },
        {
            "algo": null,
            "coin": null,
            "url": "de01.supportxmr.com:443",
            "user": "49jFzuBLcX2cNot1DDPeP8ZSJJFr73rnnTy23d9bqYZf46WzpYPVrNQFMMhfC37uZF3WxCRq17jCoSkQ3ugPcwhgMimKQ91.Ready",
            "pass": null,
            "rig-id": null,
            "nicehash": false,
            "keepalive": true,
            "enabled": true,
            "tls": true,
            "tls-fingerprint": null,
            "daemon": false,
            "socks5": 9050,
            "self-select": null,
            "submit-to-origin": false
        },
        {
            "algo": null,
            "coin": null,
            "url": "de01.supportxmr.com:443",
            "user": "49jFzuBLcX2cNot1DDPeP8ZSJJFr73rnnTy23d9bqYZf46WzpYPVrNQFMMhfC37uZF3WxCRq17jCoSkQ3ugPcwhgMimKQ91.Ready",
            "pass": null,
            "rig-id": null,
            "nicehash": false,
            "keepalive": true,
            "enabled": true,
            "tls": true,
            "tls-fingerprint": null,
            "daemon": false,
            "socks5": null,
            "self-select": null,
            "submit-to-origin": false
        },
        {
            "algo": null,
            "coin": null,
            "url": "de03.supportxmr.com:443",
            "user": "49jFzuBLcX2cNot1DDPeP8ZSJJFr73rnnTy23d9bqYZf46WzpYPVrNQFMMhfC37uZF3WxCRq17jCoSkQ3ugPcwhgMimKQ91.Ready",
            "pass": null,
            "rig-id": null,
            "nicehash": false,
            "keepalive": true,
            "enabled": true,
            "tls": true,
            "tls-fingerprint": null,
            "daemon": false,
            "socks5": 9050,
            "self-select": null,
            "submit-to-origin": false
        },
        {
            "algo": null,
            "coin": null,
            "url": "de03.supportxmr.com:443",
            "user": "49jFzuBLcX2cNot1DDPeP8ZSJJFr73rnnTy23d9bqYZf46WzpYPVrNQFMMhfC37uZF3WxCRq17jCoSkQ3ugPcwhgMimKQ91.Ready",
            "pass": null,
            "rig-id": null,
            "nicehash": false,
            "keepalive": true,
            "enabled": true,
            "tls": true,
            "tls-fingerprint": null,
            "daemon": false,
            "socks5": null,
            "self-select": null,
            "submit-to-origin": false
        },
        {
            "algo": null,
            "coin": null,
            "url": "fr01.supportxmr.com:443",
            "user": "49jFzuBLcX2cNot1DDPeP8ZSJJFr73rnnTy23d9bqYZf46WzpYPVrNQFMMhfC37uZF3WxCRq17jCoSkQ3ugPcwhgMimKQ91.Ready",
            "pass": null,
            "rig-id": null,
            "nicehash": false,
            "keepalive": true,
            "enabled": true,
            "tls": true,
            "tls-fingerprint": null,
            "daemon": false,
            "socks5": 9050,
            "self-select": null,
            "submit-to-origin": false
        },
        {
            "algo": null,
            "coin": null,
            "url": "fr01.supportxmr.com:443",
            "user": "49jFzuBLcX2cNot1DDPeP8ZSJJFr73rnnTy23d9bqYZf46WzpYPVrNQFMMhfC37uZF3WxCRq17jCoSkQ3ugPcwhgMimKQ91.Ready",
            "pass": null,
            "rig-id": null,
            "nicehash": false,
            "keepalive": true,
            "enabled": true,
            "tls": true,
            "tls-fingerprint": null,
            "daemon": false,
            "socks5": null,
            "self-select": null,
            "submit-to-origin": false
        },
        {
            "algo": null,
            "coin": null,
            "url": "phx01.supportxmr.com:443",
            "user": "49jFzuBLcX2cNot1DDPeP8ZSJJFr73rnnTy23d9bqYZf46WzpYPVrNQFMMhfC37uZF3WxCRq17jCoSkQ3ugPcwhgMimKQ91.Ready",
            "pass": null,
            "rig-id": null,
            "nicehash": false,
            "keepalive": true,
            "enabled": true,
            "tls": true,
            "tls-fingerprint": null,
            "daemon": false,
            "socks5": 9050,
            "self-select": null,
            "submit-to-origin": false
        },
        {
            "algo": null,
            "coin": null,
            "url": "phx01.supportxmr.com:443",
            "user": "49jFzuBLcX2cNot1DDPeP8ZSJJFr73rnnTy23d9bqYZf46WzpYPVrNQFMMhfC37uZF3WxCRq17jCoSkQ3ugPcwhgMimKQ91.Ready",
            "pass": null,
            "rig-id": null,
            "nicehash": false,
            "keepalive": true,
            "enabled": true,
            "tls": true,
            "tls-fingerprint": null,
            "daemon": false,
            "socks5": null,
            "self-select": null,
            "submit-to-origin": false
        },
        {
            "algo": null,
            "coin": null,
            "url": "nyc01.supportxmr.com:443",
            "user": "49jFzuBLcX2cNot1DDPeP8ZSJJFr73rnnTy23d9bqYZf46WzpYPVrNQFMMhfC37uZF3WxCRq17jCoSkQ3ugPcwhgMimKQ91.Ready",
            "pass": null,
            "rig-id": null,
            "nicehash": false,
            "keepalive": true,
            "enabled": true,
            "tls": true,
            "tls-fingerprint": null,
            "daemon": false,
            "socks5": 9050,
            "self-select": null,
            "submit-to-origin": false
        },
        {
            "algo": null,
            "coin": null,
            "url": "nyc01.supportxmr.com:443",
            "user": "49jFzuBLcX2cNot1DDPeP8ZSJJFr73rnnTy23d9bqYZf46WzpYPVrNQFMMhfC37uZF3WxCRq17jCoSkQ3ugPcwhgMimKQ91.Ready",
            "pass": null,
            "rig-id": null,
            "nicehash": false,
            "keepalive": true,
            "enabled": true,
            "tls": true,
            "tls-fingerprint": null,
            "daemon": false,
            "socks5": null,
            "self-select": null,
            "submit-to-origin": false
        },
        {
            "algo": null,
            "coin": null,
            "url": "phx02.supportxmr.com:443",
            "user": "49jFzuBLcX2cNot1DDPeP8ZSJJFr73rnnTy23d9bqYZf46WzpYPVrNQFMMhfC37uZF3WxCRq17jCoSkQ3ugPcwhgMimKQ91.Ready",
            "pass": null,
            "rig-id": null,
            "nicehash": false,
            "keepalive": true,
            "enabled": true,
            "tls": true,
            "tls-fingerprint": null,
            "daemon": false,
            "socks5": 9050,
            "self-select": null,
            "submit-to-origin": false
        },
        {
            "algo": null,
            "coin": null,
            "url": "phx02.supportxmr.com:443",
            "user": "49jFzuBLcX2cNot1DDPeP8ZSJJFr73rnnTy23d9bqYZf46WzpYPVrNQFMMhfC37uZF3WxCRq17jCoSkQ3ugPcwhgMimKQ91.Ready",
            "pass": null,
            "rig-id": null,
            "nicehash": false,
            "keepalive": true,
            "enabled": true,
            "tls": true,
            "tls-fingerprint": null,
            "daemon": false,
            "socks5": null,
            "self-select": null,
            "submit-to-origin": false
        }
    ],
    "retries": 5,
    "retry-pause": 5,
    "print-time": 60,
    "health-print-time": 60,
    "dmi": true,
    "syslog": false,
    "tls": {
        "enabled": false,
        "protocols": null,
        "cert": null,
        "cert_key": null,
        "ciphers": null,
        "ciphersuites": null,
        "dhparam": null
    },
    "dns": {
        "ipv6": false,
        "ttl": 30
    },
    "user-agent": null,
    "verbose": 0,
    "watch": true,
    "pause-on-battery": false,
    "pause-on-active": false
}